,Profit,Profit,Profit,Profit,Profit,Profit,Sales,Sales,Sales,Sales,Sales,Sales,Units_Sold,Units_Sold,Units_Sold,Units_Sold,Units_Sold,Units_Sold
Product,Product_1,Product_2,Product_3,Product_4,Product_5,All,Product_1,Product_2,Product_3,Product_4,Product_5,All,Product_1,Product_2,Product_3,Product_4,Product_5,All
Store,,,,,,,,,,,,,,,,,,
Store_A,540.5140340736677,507.6526747162144,530.9759593156363,503.33121607225655,518.4945211897858,520.1936810735122,44807.321928439684,43796.67154324126,44923.16161188752,42703.84750150753,43999.79591184669,220230.79849692268,2368.0,2117.0,2337.0,2467.0,2205.0,11494
Store_B,603.5890587809486,478.09534448390554,495.0209922714764,552.8214300212478,526.0042207502097,531.1062092615576,47655.10148459899,41973.56221390676,42725.630013619375,45424.303192041916,43796.69964634061,221575.29655050766,2243.0,2670.0,2818.0,2319.0,1958.0,12008
Store_C,417.8111062086457,561.5613238889592,472.3505759900654,494.4209583449902,484.2977425944834,486.08834140542876,40880.87188244414,45327.62667276334,41549.50179312203,43402.397041020755,43207.876663063085,214368.27405241336,2413.0,2491.0,2314.0,2150.0,2233.0,11601
Store_D,506.6239203692295,428.5890794304455,495.1530905029443,502.921000997755,492.42320061116857,485.1420583823086,43966.39375669951,39759.69128560634,42630.01269944943,43207.45679717207,42277.213110001314,211840.76764892865,2343.0,2341.0,2254.0,2605.0,2478.0,12021
All,517.134529858123,493.9746056298811,498.37515452003055,513.3736513590625,505.30492128641185,505.6325725307018,177309.68905218234,170857.5517155177,171828.30611807836,174738.00453174228,173281.5853312517,868015.1367487723,9367.0,9619.0,9723.0,9541.0,8874.0,47124
